{
    "0": 1.4805809746754628,
    "1": 0.7549508979436819
}